date,product,quantity,unit_price,revenue
2026-04-02,Accessories,2,800,1600
2026-04-02,Hoodies,1,3500,3500
2026-04-02,T-Shirts,3,1500,4500
2026-04-03,Accessories,2,800,1600
2026-04-03,Hoodies,1,3500,3500
2026-04-03,Hoodies,1,3500,3500
2026-04-03,Hoodies,2,3500,7000
2026-04-03,Jackets,2,7500,15000
2026-04-03,Jackets,3,7500,22500
2026-04-03,Jeans,3,4200,12600
2026-04-03,T-Shirts,1,1500,1500
2026-04-03,T-Shirts,3,1500,4500
2026-04-04,Accessories,3,800,2400
2026-04-04,Hoodies,3,3500,10500
2026-04-04,Hoodies,3,3500,10500
2026-04-04,Jeans,3,4200,12600
2026-04-05,Accessories,2,800,1600
2026-04-05,Hoodies,2,3500,7000
2026-04-05,Jeans,2,4200,8400
2026-04-05,T-Shirts,2,1500,3000
2026-04-06,Accessories,2,800,1600
2026-04-06,Jeans,3,4200,12600
2026-04-06,T-Shirts,2,1500,3000
2026-04-07,T-Shirts,3,1500,4500
2026-04-08,Accessories,3,800,2400
2026-04-08,Jeans,1,4200,4200
2026-04-09,Jackets,1,7500,7500
2026-04-10,Jeans,1,4200,4200
2026-04-10,Jeans,3,4200,12600
2026-04-10,Sneakers,2,6500,13000
2026-04-10,Sneakers,3,6500,19500
2026-04-10,T-Shirts,2,1500,3000
2026-04-10,T-Shirts,2,1500,3000
2026-04-10,T-Shirts,3,1500,4500
2026-04-11,T-Shirts,2,1500,3000
2026-04-12,Jackets,3,7500,22500
2026-04-12,Jeans,1,4200,4200
2026-04-12,Sneakers,3,6500,19500
2026-04-13,Accessories,2,800,1600
2026-04-13,Jeans,3,4200,12600
2026-04-13,Sneakers,3,6500,19500
2026-04-14,Hoodies,1,3500,3500
2026-04-14,Hoodies,3,3500,10500
2026-04-14,T-Shirts,2,1500,3000
2026-04-14,T-Shirts,3,1500,4500
2026-04-15,Accessories,1,800,800
2026-04-15,Sneakers,1,6500,6500
2026-04-15,T-Shirts,2,1500,3000
2026-04-15,T-Shirts,3,1500,4500
2026-04-16,Jackets,3,7500,22500
2026-04-16,T-Shirts,3,1500,4500
2026-04-17,Hoodies,1,3500,3500
2026-04-17,T-Shirts,1,1500,1500
2026-04-18,Accessories,2,800,1600
2026-04-18,Jeans,1,4200,4200
2026-04-18,Jeans,1,4200,4200
2026-04-19,Hoodies,1,3500,3500
2026-04-19,Hoodies,2,3500,7000
2026-04-19,Hoodies,3,3500,10500
2026-04-19,Jeans,1,4200,4200
2026-04-19,Sneakers,3,6500,19500
2026-04-19,T-Shirts,3,1500,4500
2026-04-21,Hoodies,1,3500,3500
2026-04-21,Hoodies,2,3500,7000
2026-04-21,Jeans,3,4200,12600
2026-04-22,T-Shirts,1,1500,1500
2026-04-22,T-Shirts,2,1500,3000
2026-04-23,Jackets,2,7500,15000
2026-04-23,T-Shirts,1,1500,1500
2026-04-24,Sneakers,1,6500,6500
2026-04-24,T-Shirts,2,1500,3000
2026-04-25,Accessories,1,800,800
2026-04-25,T-Shirts,1,1500,1500
2026-04-26,Jackets,3,7500,22500
2026-04-26,T-Shirts,1,1500,1500
2026-04-27,Hoodies,1,3500,3500
2026-04-27,Jeans,3,4200,12600
2026-04-27,Sneakers,3,6500,19500
2026-05-01,Accessories,1,800,800
2026-05-01,Hoodies,1,3500,3500
2026-05-01,T-Shirts,3,1500,4500
2026-05-01,T-Shirts,3,1500,4500
2026-05-02,Jeans,2,4200,8400
2026-05-02,Jeans,3,4200,12600
2026-05-03,Accessories,2,800,1600
2026-05-03,Hoodies,1,3500,3500
2026-05-03,Jeans,1,4200,4200
2026-05-03,T-Shirts,2,1500,3000
2026-05-04,Jeans,1,4200,4200
2026-05-04,Jeans,2,4200,8400
2026-05-04,T-Shirts,1,1500,1500
2026-05-04,T-Shirts,1,1500,1500
2026-05-04,T-Shirts,1,1500,1500
2026-05-05,Hoodies,1,3500,3500
2026-05-05,Hoodies,1,3500,3500
2026-05-05,Hoodies,2,3500,7000
2026-05-05,T-Shirts,2,1500,3000
2026-05-05,T-Shirts,2,1500,3000
2026-05-06,Hoodies,3,3500,10500
2026-05-06,Jackets,2,7500,15000
2026-05-06,T-Shirts,3,1500,4500
2026-05-07,Accessories,1,800,800
2026-05-07,Accessories,2,800,1600
2026-05-08,Hoodies,2,3500,7000
2026-05-08,Sneakers,3,6500,19500
2026-05-09,Hoodies,3,3500,10500
2026-05-09,T-Shirts,3,1500,4500
2026-05-09,T-Shirts,3,1500,4500
2026-05-10,Hoodies,2,3500,7000
2026-05-10,Jackets,3,7500,22500
2026-05-11,Hoodies,3,3500,10500
2026-05-11,Sneakers,3,6500,19500
2026-05-11,T-Shirts,3,1500,4500
2026-05-12,Accessories,3,800,2400
2026-05-12,T-Shirts,1,1500,1500
2026-05-13,Jeans,2,4200,8400
2026-05-13,Jeans,3,4200,12600
2026-05-14,Hoodies,3,3500,10500
2026-05-15,Accessories,2,800,1600
2026-05-15,Jeans,1,4200,4200
2026-05-15,T-Shirts,2,1500,3000
2026-05-16,Accessories,2,800,1600
2026-05-16,Accessories,3,800,2400
2026-05-16,T-Shirts,2,1500,3000
2026-05-16,T-Shirts,2,1500,3000
2026-05-17,Jackets,2,7500,15000
2026-05-17,T-Shirts,1,1500,1500
2026-05-18,Hoodies,2,3500,7000
2026-05-18,Jackets,3,7500,22500
2026-05-18,Sneakers,1,6500,6500
2026-05-18,T-Shirts,1,1500,1500
2026-05-19,T-Shirts,1,1500,1500
2026-05-20,Accessories,3,800,2400
2026-05-20,Hoodies,2,3500,7000
2026-05-20,Jeans,3,4200,12600
2026-05-20,T-Shirts,1,1500,1500
2026-05-20,T-Shirts,2,1500,3000
2026-05-20,T-Shirts,2,1500,3000
2026-05-21,Jeans,2,4200,8400
2026-05-22,Hoodies,1,3500,3500
2026-05-22,Hoodies,2,3500,7000
2026-05-22,Jeans,3,4200,12600
2026-05-23,Jackets,1,7500,7500
2026-05-23,Jeans,1,4200,4200
2026-05-24,Accessories,2,800,1600
2026-05-24,Accessories,2,800,1600
2026-05-25,Jackets,1,7500,7500
2026-05-25,Sneakers,2,6500,13000
2026-05-25,Sneakers,3,6500,19500
2026-05-26,Jeans,3,4200,12600
2026-05-26,Sneakers,1,6500,6500
2026-05-26,Sneakers,3,6500,19500
2026-05-27,Hoodies,2,3500,7000
2026-05-27,Sneakers,1,6500,6500
2026-05-27,T-Shirts,2,1500,3000
2026-05-28,Hoodies,2,3500,7000
2026-05-28,Jackets,3,7500,22500
2026-05-28,Jeans,2,4200,8400
2026-05-28,T-Shirts,1,1500,1500
2026-06-01,Jeans,1,4200,4200
2026-06-01,T-Shirts,1,1500,1500
2026-06-02,T-Shirts,1,1500,1500
2026-06-03,Accessories,2,800,1600
2026-06-03,Hoodies,3,3500,10500
2026-06-03,Jeans,3,4200,12600
2026-06-04,Accessories,2,800,1600
2026-06-04,Hoodies,1,3500,3500
2026-06-04,Hoodies,3,3500,10500
2026-06-05,Accessories,2,800,1600
2026-06-05,Jeans,1,4200,4200
2026-06-05,Jeans,1,4200,4200
2026-06-05,Jeans,3,4200,12600
2026-06-05,Jeans,3,4200,12600
2026-06-05,Jeans,3,4200,12600
2026-06-05,T-Shirts,3,1500,4500
2026-06-05,T-Shirts,3,1500,4500
2026-06-06,Jeans,3,4200,12600
2026-06-06,T-Shirts,1,1500,1500
2026-06-07,Accessories,3,800,2400
2026-06-07,Sneakers,3,6500,19500
2026-06-07,T-Shirts,2,1500,3000
2026-06-08,Accessories,3,800,2400
2026-06-08,Jackets,1,7500,7500
2026-06-09,Accessories,3,800,2400
2026-06-09,Jackets,1,7500,7500
2026-06-09,Sneakers,3,6500,19500
2026-06-11,Hoodies,1,3500,3500
2026-06-11,Hoodies,3,3500,10500
2026-06-11,Jackets,1,7500,7500
2026-06-11,T-Shirts,3,1500,4500
2026-06-12,Hoodies,3,3500,10500
2026-06-12,Jeans,3,4200,12600
2026-06-12,T-Shirts,3,1500,4500
2026-06-13,Hoodies,2,3500,7000
2026-06-13,Hoodies,3,3500,10500
2026-06-14,Hoodies,1,3500,3500
2026-06-14,T-Shirts,3,1500,4500
2026-06-15,Accessories,2,800,1600
2026-06-15,Jeans,3,4200,12600
2026-06-15,Sneakers,1,6500,6500
2026-06-16,Hoodies,1,3500,3500
2026-06-16,Hoodies,1,3500,3500
2026-06-16,Hoodies,1,3500,3500
2026-06-16,Hoodies,1,3500,3500
2026-06-16,Jeans,3,4200,12600
2026-06-16,T-Shirts,1,1500,1500
2026-06-17,Accessories,2,800,1600
2026-06-17,Accessories,2,800,1600
2026-06-17,Jackets,3,7500,22500
2026-06-17,Jeans,1,4200,4200
2026-06-17,Sneakers,1,6500,6500
2026-06-17,T-Shirts,2,1500,3000
2026-06-17,T-Shirts,3,1500,4500
2026-06-18,Jackets,1,7500,7500
2026-06-18,Jackets,3,7500,22500
2026-06-18,Jeans,1,4200,4200
2026-06-18,Sneakers,2,6500,13000
2026-06-18,T-Shirts,1,1500,1500
2026-06-18,T-Shirts,2,1500,3000
2026-06-20,Hoodies,3,3500,10500
2026-06-20,Sneakers,2,6500,13000
2026-06-20,Sneakers,3,6500,19500
2026-06-20,T-Shirts,1,1500,1500
2026-06-21,Jeans,3,4200,12600
2026-06-22,T-Shirts,2,1500,3000
2026-06-23,Accessories,1,800,800
2026-06-24,T-Shirts,3,1500,4500
2026-06-25,Hoodies,3,3500,10500
2026-06-25,Sneakers,1,6500,6500
2026-06-25,Sneakers,1,6500,6500
2026-06-25,T-Shirts,1,1500,1500
2026-06-25,T-Shirts,1,1500,1500
2026-06-25,T-Shirts,2,1500,3000
2026-06-26,Accessories,3,800,2400
2026-06-26,Hoodies,1,3500,3500
2026-06-26,Hoodies,2,3500,7000
2026-06-26,Jackets,2,7500,15000
2026-06-27,Jeans,3,4200,12600
2026-06-27,T-Shirts,1,1500,1500
2026-06-27,T-Shirts,2,1500,3000
2026-06-27,T-Shirts,3,1500,4500
2026-06-28,T-Shirts,1,1500,1500
2026-06-28,T-Shirts,2,1500,3000
2026-07-01,Sneakers,1,6500,6500
2026-07-01,T-Shirts,2,1500,3000
2026-07-02,Jeans,2,4200,8400
2026-07-02,T-Shirts,1,1500,1500
2026-07-02,T-Shirts,2,1500,3000
2026-07-03,Hoodies,2,3500,7000
2026-07-03,Jeans,2,4200,8400
2026-07-03,Jeans,3,4200,12600
2026-07-03,T-Shirts,1,1500,1500
2026-07-03,T-Shirts,2,1500,3000
2026-07-03,T-Shirts,2,1500,3000
2026-07-03,T-Shirts,2,1500,3000
2026-07-03,T-Shirts,3,1500,4500
2026-07-04,Accessories,2,800,1600
2026-07-04,Hoodies,3,3500,10500
2026-07-04,Jackets,1,7500,7500
2026-07-04,Jeans,1,4200,4200
2026-07-05,Hoodies,2,3500,7000
2026-07-05,Hoodies,2,3500,7000
2026-07-06,Hoodies,1,3500,3500
2026-07-06,Jackets,1,7500,7500
2026-07-06,Sneakers,3,6500,19500
2026-07-06,T-Shirts,3,1500,4500
2026-07-07,Accessories,2,800,1600
2026-07-08,Accessories,1,800,800
2026-07-08,Accessories,2,800,1600
2026-07-08,Hoodies,2,3500,7000
2026-07-09,Jackets,1,7500,7500
2026-07-09,Jeans,1,4200,4200
2026-07-09,Sneakers,1,6500,6500
2026-07-09,T-Shirts,1,1500,1500
2026-07-10,Jackets,1,7500,7500
2026-07-10,Jackets,3,7500,22500
2026-07-10,Jeans,3,4200,12600
2026-07-10,Sneakers,1,6500,6500
2026-07-11,Jeans,1,4200,4200
2026-07-11,T-Shirts,1,1500,1500
2026-07-12,Jeans,1,4200,4200
2026-07-12,Jeans,3,4200,12600
2026-07-12,Sneakers,2,6500,13000
2026-07-13,Hoodies,3,3500,10500
2026-07-13,Jeans,1,4200,4200
2026-07-13,T-Shirts,2,1500,3000
2026-07-14,Accessories,3,800,2400
2026-07-14,Hoodies,2,3500,7000
2026-07-14,Hoodies,3,3500,10500
2026-07-14,T-Shirts,3,1500,4500
2026-07-15,Jeans,3,4200,12600
2026-07-15,T-Shirts,1,1500,1500
2026-07-16,Accessories,3,800,2400
2026-07-16,Hoodies,2,3500,7000
2026-07-17,Accessories,1,800,800
2026-07-17,Accessories,2,800,1600
2026-07-17,Jeans,2,4200,8400
2026-07-17,Sneakers,2,6500,13000
2026-07-18,Sneakers,3,6500,19500
2026-07-18,T-Shirts,1,1500,1500
2026-07-19,T-Shirts,3,1500,4500
2026-07-20,T-Shirts,2,1500,3000
2026-07-22,Hoodies,1,3500,3500
2026-07-22,Hoodies,1,3500,3500
2026-07-22,Hoodies,3,3500,10500
2026-07-23,Accessories,2,800,1600
2026-07-23,Hoodies,1,3500,3500
2026-07-23,Jackets,3,7500,22500
2026-07-23,Jeans,2,4200,8400
2026-07-23,T-Shirts,2,1500,3000
2026-07-24,Sneakers,1,6500,6500
2026-07-25,Hoodies,1,3500,3500
2026-07-25,Jackets,3,7500,22500
2026-07-26,Hoodies,2,3500,7000
2026-07-26,Jeans,1,4200,4200
2026-07-27,Accessories,3,800,2400
2026-07-27,Accessories,3,800,2400
2026-07-27,T-Shirts,1,1500,1500
2026-07-27,T-Shirts,3,1500,4500
2026-07-28,T-Shirts,2,1500,3000
2026-07-28,T-Shirts,2,1500,3000
2026-07-28,T-Shirts,3,1500,4500
2026-08-01,Hoodies,1,3500,3500
2026-08-01,Jeans,1,4200,4200
2026-08-01,Jeans,2,4200,8400
2026-08-02,Accessories,1,800,800
2026-08-02,Jackets,1,7500,7500
2026-08-02,Jeans,2,4200,8400
2026-08-03,Accessories,1,800,800
2026-08-03,Hoodies,1,3500,3500
2026-08-03,T-Shirts,1,1500,1500
2026-08-03,T-Shirts,1,1500,1500
2026-08-04,Accessories,2,800,1600
2026-08-05,Hoodies,3,3500,10500
2026-08-05,Jackets,2,7500,15000
2026-08-05,Sneakers,3,6500,19500
2026-08-05,T-Shirts,1,1500,1500
2026-08-06,Hoodies,2,3500,7000
2026-08-06,Jeans,2,4200,8400
2026-08-07,T-Shirts,3,1500,4500
2026-08-08,Jeans,2,4200,8400
2026-08-09,Hoodies,3,3500,10500
2026-08-09,Jeans,1,4200,4200
2026-08-10,Jeans,1,4200,4200
2026-08-10,T-Shirts,1,1500,1500
2026-08-12,Hoodies,2,3500,7000
2026-08-12,Jeans,1,4200,4200
2026-08-12,Jeans,2,4200,8400
2026-08-13,T-Shirts,1,1500,1500
2026-08-13,T-Shirts,2,1500,3000
2026-08-13,T-Shirts,3,1500,4500
2026-08-14,Sneakers,3,6500,19500
2026-08-16,T-Shirts,1,1500,1500
2026-08-17,Jackets,3,7500,22500
2026-08-17,T-Shirts,1,1500,1500
2026-08-17,T-Shirts,2,1500,3000
2026-08-17,T-Shirts,3,1500,4500
2026-08-18,Jeans,2,4200,8400
2026-08-19,Accessories,3,800,2400
2026-08-19,Sneakers,3,6500,19500
2026-08-19,T-Shirts,2,1500,3000
2026-08-20,Hoodies,2,3500,7000
2026-08-21,Accessories,1,800,800
2026-08-21,Accessories,3,800,2400
2026-08-21,Hoodies,1,3500,3500
2026-08-21,Jackets,3,7500,22500
2026-08-21,T-Shirts,2,1500,3000
2026-08-22,Accessories,3,800,2400
2026-08-22,Hoodies,3,3500,10500
2026-08-22,T-Shirts,1,1500,1500
2026-08-23,Jeans,1,4200,4200
2026-08-23,Sneakers,3,6500,19500
2026-08-24,Hoodies,3,3500,10500
2026-08-24,Jackets,2,7500,15000
2026-08-24,T-Shirts,2,1500,3000
2026-08-25,Sneakers,3,6500,19500
2026-08-26,T-Shirts,3,1500,4500
2026-08-27,Accessories,1,800,800
2026-08-27,Hoodies,1,3500,3500
2026-08-27,Hoodies,3,3500,10500
2026-08-27,T-Shirts,2,1500,3000
2026-08-28,Hoodies,2,3500,7000
2026-09-01,Hoodies,2,3500,7000
2026-09-01,T-Shirts,1,1500,1500
2026-09-02,T-Shirts,2,1500,3000
2026-09-03,Jeans,2,4200,8400
2026-09-03,Jeans,3,4200,12600
2026-09-03,Sneakers,2,6500,13000
2026-09-03,T-Shirts,1,1500,1500
2026-09-04,T-Shirts,3,1500,4500
2026-09-05,Accessories,1,800,800
2026-09-05,T-Shirts,3,1500,4500
2026-09-07,Accessories,1,800,800
2026-09-07,T-Shirts,3,1500,4500
2026-09-08,Jeans,1,4200,4200
2026-09-08,Jeans,2,4200,8400
2026-09-09,Jeans,2,4200,8400
2026-09-09,T-Shirts,2,1500,3000
2026-09-09,T-Shirts,2,1500,3000
2026-09-10,Jackets,3,7500,22500
2026-09-10,Sneakers,1,6500,6500
2026-09-10,Sneakers,1,6500,6500
2026-09-10,T-Shirts,3,1500,4500
2026-09-12,Accessories,2,800,1600
2026-09-13,Accessories,2,800,1600
2026-09-15,Accessories,3,800,2400
2026-09-15,Jackets,2,7500,15000
2026-09-16,Hoodies,1,3500,3500
2026-09-16,Jeans,2,4200,8400
2026-09-16,Sneakers,1,6500,6500
2026-09-16,T-Shirts,3,1500,4500
2026-09-17,Accessories,3,800,2400
2026-09-18,Hoodies,2,3500,7000
2026-09-18,Hoodies,3,3500,10500
2026-09-18,Sneakers,1,6500,6500
2026-09-19,Accessories,1,800,800
2026-09-19,T-Shirts,3,1500,4500
2026-09-20,T-Shirts,1,1500,1500
2026-09-21,Hoodies,1,3500,3500
2026-09-21,Hoodies,1,3500,3500
2026-09-21,Jeans,3,4200,12600
2026-09-21,T-Shirts,3,1500,4500
2026-09-22,Hoodies,1,3500,3500
2026-09-22,Hoodies,3,3500,10500
2026-09-22,T-Shirts,2,1500,3000
2026-09-23,Jackets,2,7500,15000
2026-09-24,Hoodies,1,3500,3500
2026-09-24,Jeans,3,4200,12600
2026-09-24,T-Shirts,3,1500,4500
2026-09-25,Jackets,2,7500,15000
2026-09-25,Jeans,3,4200,12600
2026-09-25,T-Shirts,2,1500,3000
2026-09-26,Hoodies,2,3500,7000
2026-09-27,Hoodies,2,3500,7000
2026-09-28,Jeans,1,4200,4200
